{"cameraMode":{"drawMode":0,"name":"Shaded","section":"Shading Mode"},"sceneLighting":true,"audioPlay":false,"sceneViewState":{"m_AlwaysRefresh":false,"showFog":true,"showSkybox":true,"showFlares":true,"showImageEffects":true,"showParticleSystems":true,"showVisualEffectGraphs":true,"m_FxEnabled":true},"in2DMode":false,"pivot":{"x":-62.62760925292969,"y":0.1661161184310913,"z":28.344818115234376},"rotation":{"x":0.17294564843177796,"y":-0.20631861686706544,"z":0.037076372653245929,"w":0.962368369102478},"size":29.753795623779298,"orthographic":false}