{"cameraMode":{"drawMode":0,"name":"Shaded","section":"Shading Mode"},"sceneLighting":true,"audioPlay":false,"sceneViewState":{"m_AlwaysRefresh":false,"showFog":true,"showSkybox":true,"showFlares":true,"showImageEffects":true,"showParticleSystems":true,"showVisualEffectGraphs":true,"m_FxEnabled":true},"in2DMode":false,"pivot":{"x":30.679515838623048,"y":7.600368976593018,"z":55.484195709228519},"rotation":{"x":0.019126038998365403,"y":-0.9807077646255493,"z":0.12752607464790345,"w":0.14700767397880555},"size":17.721960067749025,"orthographic":false}