{"cameraMode":{"drawMode":0,"name":"Shaded","section":"Shading Mode"},"sceneLighting":true,"audioPlay":false,"sceneViewState":{"m_AlwaysRefresh":false,"showFog":true,"showSkybox":true,"showFlares":true,"showImageEffects":true,"showParticleSystems":true,"showVisualEffectGraphs":true,"m_FxEnabled":true},"in2DMode":false,"pivot":{"x":1.7600841522216797,"y":-0.04748275876045227,"z":60.284950256347659},"rotation":{"x":0.08605615049600601,"y":-0.8433760404586792,"z":0.1419992446899414,"w":0.5110535621643066},"size":28.47022819519043,"orthographic":false}